--
-- PostgreSQL database dump
--

\restrict dYnHsbAPELDwZTJ8oAccpi1neBYcUjJuGTZCpfEhaan4pAXMflarSp8CYvOREaW

-- Dumped from database version 18.4 (Debian 18.4-1.pgdg13+1)
-- Dumped by pg_dump version 18.4 (Debian 18.4-1.pgdg13+1)

SET statement_timeout = 0;
SET lock_timeout = 0;
SET idle_in_transaction_session_timeout = 0;
SET transaction_timeout = 0;
SET client_encoding = 'UTF8';
SET standard_conforming_strings = on;
SELECT pg_catalog.set_config('search_path', '', false);
SET check_function_bodies = false;
SET xmloption = content;
SET client_min_messages = warning;
SET row_security = off;

SET default_tablespace = '';

SET default_table_access_method = heap;

--
-- Name: __EFMigrationsHistory; Type: TABLE; Schema: public; Owner: postgres
--

CREATE TABLE public."__EFMigrationsHistory" (
    "MigrationId" character varying(150) NOT NULL,
    "ProductVersion" character varying(32) NOT NULL
);


ALTER TABLE public."__EFMigrationsHistory" OWNER TO postgres;

--
-- Name: areas; Type: TABLE; Schema: public; Owner: postgres
--

CREATE TABLE public.areas (
    "Id" integer NOT NULL,
    "Nome" text
);


ALTER TABLE public.areas OWNER TO postgres;

--
-- Name: areas_Id_seq; Type: SEQUENCE; Schema: public; Owner: postgres
--

ALTER TABLE public.areas ALTER COLUMN "Id" ADD GENERATED BY DEFAULT AS IDENTITY (
    SEQUENCE NAME public."areas_Id_seq"
    START WITH 1
    INCREMENT BY 1
    NO MINVALUE
    NO MAXVALUE
    CACHE 1
);


--
-- Name: emprestimos; Type: TABLE; Schema: public; Owner: postgres
--

CREATE TABLE public.emprestimos (
    "Id" integer NOT NULL,
    "UsuariosId" integer NOT NULL,
    "LivrosId" integer NOT NULL,
    "DataEmprestimo" timestamp with time zone NOT NULL,
    "DataDevolucaoPrevista" timestamp with time zone NOT NULL,
    "DataDevolucaoReal" timestamp with time zone
);


ALTER TABLE public.emprestimos OWNER TO postgres;

--
-- Name: emprestimos_Id_seq; Type: SEQUENCE; Schema: public; Owner: postgres
--

ALTER TABLE public.emprestimos ALTER COLUMN "Id" ADD GENERATED BY DEFAULT AS IDENTITY (
    SEQUENCE NAME public."emprestimos_Id_seq"
    START WITH 1
    INCREMENT BY 1
    NO MINVALUE
    NO MAXVALUE
    CACHE 1
);


--
-- Name: livros; Type: TABLE; Schema: public; Owner: postgres
--

CREATE TABLE public.livros (
    "Codigo" integer NOT NULL,
    "Titulo" character varying(200) NOT NULL,
    "Autor" character varying(150) NOT NULL,
    "AreaId" integer NOT NULL,
    "Ano" integer NOT NULL,
    "Editora" character varying(100) NOT NULL,
    "ImagemUrl" character varying(500)
);


ALTER TABLE public.livros OWNER TO postgres;

--
-- Name: livros_Codigo_seq; Type: SEQUENCE; Schema: public; Owner: postgres
--

ALTER TABLE public.livros ALTER COLUMN "Codigo" ADD GENERATED BY DEFAULT AS IDENTITY (
    SEQUENCE NAME public."livros_Codigo_seq"
    START WITH 1
    INCREMENT BY 1
    NO MINVALUE
    NO MAXVALUE
    CACHE 1
);


--
-- Name: usuarios; Type: TABLE; Schema: public; Owner: postgres
--

CREATE TABLE public.usuarios (
    "Id" integer NOT NULL,
    "Nome" text NOT NULL,
    "Email" text NOT NULL,
    "Cpf" text NOT NULL,
    "Telefone" text NOT NULL,
    "Senha" text NOT NULL,
    "NivelAcesso" integer NOT NULL
);


ALTER TABLE public.usuarios OWNER TO postgres;

--
-- Name: usuarios_Id_seq; Type: SEQUENCE; Schema: public; Owner: postgres
--

ALTER TABLE public.usuarios ALTER COLUMN "Id" ADD GENERATED BY DEFAULT AS IDENTITY (
    SEQUENCE NAME public."usuarios_Id_seq"
    START WITH 1
    INCREMENT BY 1
    NO MINVALUE
    NO MAXVALUE
    CACHE 1
);


--
-- Data for Name: __EFMigrationsHistory; Type: TABLE DATA; Schema: public; Owner: postgres
--

COPY public."__EFMigrationsHistory" ("MigrationId", "ProductVersion") FROM stdin;
20260622223625_MudandoDeBD	10.0.0
20260622230711_FixCodigoIdentity	10.0.0
20260623012233_AddAuth	10.0.0
\.


--
-- Data for Name: areas; Type: TABLE DATA; Schema: public; Owner: postgres
--

COPY public.areas ("Id", "Nome") FROM stdin;
1	Ficção Científica
2	Fantasia
3	Biografia
4	História
5	Tecnologia
6	Suspense
\.


--
-- Data for Name: emprestimos; Type: TABLE DATA; Schema: public; Owner: postgres
--

COPY public.emprestimos ("Id", "UsuariosId", "LivrosId", "DataEmprestimo", "DataDevolucaoPrevista", "DataDevolucaoReal") FROM stdin;
\.


--
-- Data for Name: livros; Type: TABLE DATA; Schema: public; Owner: postgres
--

COPY public.livros ("Codigo", "Titulo", "Autor", "AreaId", "Ano", "Editora", "ImagemUrl") FROM stdin;
1	Fundação	Isaac Asimov	1	1951	Aleph	\N
2	Duna	Frank Herbert	1	1965	Aleph	\N
3	O Senhor dos Anéis	J.R.R. Tolkien	2	1954	HarperCollins	\N
4	Harry Potter e a Pedra Filosofal	J.K. Rowling	2	1997	Rocco	\N
5	Steve Jobs	Walter Isaacson	3	2011	Companhia das Letras	\N
6	O Diário de Anne Frank	Anne Frank	3	1947	Record	\N
7	Sapiens	Yuval Noah Harari	4	2011	Companhia das Letras	\N
8	O Mundo Assombrado pelos Demônios	Carl Sagan	5	1995	Companhia das Letras	\N
9	Clean Code	Robert C. Martin	5	2008	Alta Books	\N
10	O Código Da Vinci	Dan Brown	6	2003	Arqueiro	\N
11	Neuromancer	William Gibson	1	1984	Aleph	\N
12	1984	George Orwell	1	1949	Companhia das Letras	\N
13	O Hobbit	J.R.R. Tolkien	2	1937	HarperCollins	\N
14	As Crônicas de Nárnia	C.S. Lewis	2	1950	WMF Martins Fontes	\N
15	Elon Musk	Walter Isaacson	3	2023	Intrínseca	\N
16	Leonardo da Vinci	Walter Isaacson	3	2017	Intrínseca	\N
17	Guns, Germs and Steel	Jared Diamond	4	1997	Record	\N
18	Uma Breve História do Tempo	Stephen Hawking	4	1988	Intrínseca	\N
19	Inteligência Artificial	Stuart Russell	5	2020	Campus	\N
20	Garota Exemplar	Gillian Flynn	6	2012	Intrínseca	\N
21	Spider Man	Stan Lee	1	1962	Marvel	
\.


--
-- Data for Name: usuarios; Type: TABLE DATA; Schema: public; Owner: postgres
--

COPY public.usuarios ("Id", "Nome", "Email", "Cpf", "Telefone", "Senha", "NivelAcesso") FROM stdin;
1	Admin Geral	admin@biblioteca.com	000.000.000-00	(81) 99999-0000	admin123	1
2	João Silva	joao@email.com	123.456.789-01	(81) 98888-1111	senha123	2
3	Maria Oliveira	maria@email.com	234.567.890-02	(81) 97777-2222	senha123	2
4	Carlos Santos	carlos@email.com	345.678.901-03	(81) 96666-3333	senha123	2
5	Ana Costa	ana@email.com	456.789.012-04	(81) 95555-4444	senha123	2
6	Pedro Ferreira	pedro@email.com	567.890.123-05	(81) 94444-5555	senha123	2
7	Lucia Mendes	lucia@email.com	678.901.234-06	(81) 93333-6666	senha123	2
8	Rafael Souza	rafael@email.com	789.012.345-07	(81) 92222-7777	senha123	2
9	Fernanda Lima	fernanda@email.com	890.123.456-08	(81) 91111-8888	senha123	2
10	Bruno Alves	bruno@email.com	901.234.567-09	(81) 90000-9999	senha123	2
11	ygor henrique	ygor06@gmail.com	888.888.888-88	(99)9999-9999	senha123	0
\.


--
-- Name: areas_Id_seq; Type: SEQUENCE SET; Schema: public; Owner: postgres
--

SELECT pg_catalog.setval('public."areas_Id_seq"', 6, true);


--
-- Name: emprestimos_Id_seq; Type: SEQUENCE SET; Schema: public; Owner: postgres
--

SELECT pg_catalog.setval('public."emprestimos_Id_seq"', 1, false);


--
-- Name: livros_Codigo_seq; Type: SEQUENCE SET; Schema: public; Owner: postgres
--

SELECT pg_catalog.setval('public."livros_Codigo_seq"', 21, true);


--
-- Name: usuarios_Id_seq; Type: SEQUENCE SET; Schema: public; Owner: postgres
--

SELECT pg_catalog.setval('public."usuarios_Id_seq"', 11, true);


--
-- Name: __EFMigrationsHistory PK___EFMigrationsHistory; Type: CONSTRAINT; Schema: public; Owner: postgres
--

ALTER TABLE ONLY public."__EFMigrationsHistory"
    ADD CONSTRAINT "PK___EFMigrationsHistory" PRIMARY KEY ("MigrationId");


--
-- Name: areas PK_areas; Type: CONSTRAINT; Schema: public; Owner: postgres
--

ALTER TABLE ONLY public.areas
    ADD CONSTRAINT "PK_areas" PRIMARY KEY ("Id");


--
-- Name: emprestimos PK_emprestimos; Type: CONSTRAINT; Schema: public; Owner: postgres
--

ALTER TABLE ONLY public.emprestimos
    ADD CONSTRAINT "PK_emprestimos" PRIMARY KEY ("Id");


--
-- Name: livros PK_livros; Type: CONSTRAINT; Schema: public; Owner: postgres
--

ALTER TABLE ONLY public.livros
    ADD CONSTRAINT "PK_livros" PRIMARY KEY ("Codigo");


--
-- Name: usuarios PK_usuarios; Type: CONSTRAINT; Schema: public; Owner: postgres
--

ALTER TABLE ONLY public.usuarios
    ADD CONSTRAINT "PK_usuarios" PRIMARY KEY ("Id");


--
-- Name: IX_livros_AreaId; Type: INDEX; Schema: public; Owner: postgres
--

CREATE INDEX "IX_livros_AreaId" ON public.livros USING btree ("AreaId");


--
-- Name: livros FK_livros_areas_AreaId; Type: FK CONSTRAINT; Schema: public; Owner: postgres
--

ALTER TABLE ONLY public.livros
    ADD CONSTRAINT "FK_livros_areas_AreaId" FOREIGN KEY ("AreaId") REFERENCES public.areas("Id") ON DELETE CASCADE;


--
-- PostgreSQL database dump complete
--

\unrestrict dYnHsbAPELDwZTJ8oAccpi1neBYcUjJuGTZCpfEhaan4pAXMflarSp8CYvOREaW

